scenario,vs,mean_gain_pct_points,ci95,std,auction_better_runs,ties,runs
calm_single,independent,9.335917643369813,6.07599622148454,16.97938872358795,23,0,30
calm_single,greedy,3.9185227113036447,5.635120459929878,15.74736015389021,21,0,30
windy_single,independent,13.48810504681689,4.721767048348105,13.19499144726961,24,1,30
windy_single,greedy,1.7807416993942846,3.6566402327916347,10.218491531535308,16,3,30
multi_ignition,independent,0.7821433752935805,1.72208927166479,4.812383368002283,14,1,30
multi_ignition,greedy,1.234480066121208,0.8803918520659172,2.4602575347972144,18,2,30
no_scouts,independent,6.935230633221426,3.2224127034287045,9.005041465607686,22,2,30
no_scouts,greedy,0.1428548020043681,1.8829177373003487,5.26181897268361,13,5,30
scaling_2,independent,4.137970909525761,2.9270336293964925,8.179603803044262,19,2,30
scaling_2,greedy,-1.2190686054068398,2.6883949514066736,7.51272733861449,15,4,30
scaling_5,independent,13.48810504681689,4.721767048348105,13.19499144726961,24,1,30
scaling_5,greedy,1.7807416993942846,3.6566402327916347,10.218491531535308,16,3,30
scaling_10,independent,25.277240232437478,7.356367579408789,20.557390125213626,26,2,30
scaling_10,greedy,2.575122798212623,3.9427811486768984,11.018113134879936,15,2,30
river,independent,11.1396498301815,2.4243916549038556,6.774969375602662,29,1,30
river,greedy,-0.9676458102158312,2.227105674452691,6.223653142068856,10,3,30
