scenario_no,scenario,strategy,runs,pct_forest_saved_mean,pct_forest_saved_std,t_contain_mean,t_contain_std,agents_lost_mean,agents_lost_std,mean_belief_staleness_mean,mean_belief_staleness_std,score_mean,score_std,astar_nodes_expanded_mean,astar_nodes_expanded_std,ucs_nodes_expanded_mean,ucs_nodes_expanded_std,contained_mean,contained_std
1,calm_single,independent,30,15.200647775620734,13.940396218715414,300.0,0.0,0.13333333333333333,0.34574590364176044,131.21372480473175,5.702678497746766,-0.09626213223732155,0.09915557789208145,4582.2,2691.2981023777484,27825.133333333335,12038.88476256986,0.03333333333333333,0.18257418583505536
1,calm_single,greedy,30,20.618042707686904,17.321495394948144,300.0,0.0,0.16666666666666666,0.461133037377414,50.45007649853216,5.796390617397838,-0.059007034379525036,0.11864953773421201,20527.933333333334,25331.747182256244,127155.43333333333,38731.335900893166,0.0,0.0
1,calm_single,auction,30,24.53656541899055,21.50608158330975,298.8333333333333,6.390096504226938,0.23333333333333334,0.43018306715207627,53.293040000000005,4.682065795292529,-0.032132930955955076,0.15568525578174433,31135.2,20739.437150943395,166966.3,53576.00112257546,0.03333333333333333,0.18257418583505536
2,windy_single,independent,30,42.58971168831493,24.72630080001621,284.1666666666667,61.28063390626783,0.1,0.30512857662936466,121.59551873092938,27.439944522996175,0.10668353737376006,0.20253497997714406,4961.366666666667,4054.8708936743983,20210.266666666666,11324.920929718131,0.06666666666666667,0.2537081317024624
2,windy_single,greedy,30,54.29707503573754,23.955235683535847,279.3,65.62335055398371,0.16666666666666666,0.461133037377414,51.23468204985736,11.034815567439072,0.19054619191682942,0.19636392986309334,57203.46666666667,218809.37883963864,148619.3,215448.99903531856,0.13333333333333333,0.3457459036417604
2,windy_single,auction,30,56.077816735131826,26.431120636773603,270.53333333333336,70.03138869320564,0.03333333333333333,0.18257418583505536,51.85421249858223,11.733956548702027,0.21152249492370054,0.21697114771167084,128621.33333333333,371980.7936410374,292189.2,462430.31861105,0.2,0.40683810217248617
3,multi_ignition,independent,30,5.015915355457247,4.598038856833076,293.6333333333333,11.445472929272638,0.4,0.563241847975046,124.13396223037265,9.106416710473447,-0.16864414806735484,0.034079989539278883,4327.5,2527.0880441248228,27531.5,12773.574297258627,0.3333333333333333,0.47946330148538413
3,multi_ignition,greedy,30,4.563578664629619,4.833736709826803,295.1666666666667,10.945266126262656,0.3,0.46609159969939895,50.033546666666666,5.3682377589910715,-0.17083272712537045,0.031194001246651525,283707.9,590516.0446470031,422769.4666666667,590189.531592547,0.26666666666666666,0.44977644510880355
3,multi_ignition,auction,30,5.798058730750827,6.5575603930254545,294.7,10.951775167083415,0.26666666666666666,0.44977644510880355,50.73887520167681,3.9291461635140097,-0.1612135888847442,0.04368228306201733,65518.03333333333,57115.54592800477,242534.9,124367.87152702289,0.3333333333333333,0.4794633014853841
4,no_scouts,independent,30,42.58971168831493,24.72630080001621,284.1666666666667,61.28063390626783,0.1,0.30512857662936466,121.59551873092938,27.439944522996175,0.10668353737376006,0.20253497997714406,4961.366666666667,4054.8708936743983,20210.266666666666,11324.920929718131,0.06666666666666667,0.2537081317024624
4,no_scouts,greedy,30,49.382087519531986,25.568187361736346,282.3333333333333,61.191239700564616,0.23333333333333334,0.4301830671520764,137.29390968012328,35.75266657106235,0.152785723747835,0.20686877968426773,10463.466666666667,5212.761302361954,84046.03333333334,36402.90718921275,0.13333333333333333,0.3457459036417604
4,no_scouts,auction,30,49.52494232153636,25.4442388214528,282.3333333333333,61.191239700564616,0.1,0.30512857662936466,135.05536196306346,38.04879820495239,0.15645237402853227,0.20474604979225644,21631.1,10274.894527019696,178917.1,81059.6889443099,0.13333333333333333,0.3457459036417604
5,scaling_2,independent,30,41.277918174282526,25.562938830705907,284.1666666666667,61.28063390626783,0.06666666666666667,0.2537081317024624,125.38989126848259,28.685977290745026,0.09616764944219991,0.20927862109619166,1888.0,1799.08867734904,9607.066666666668,7559.095065039125,0.06666666666666667,0.2537081317024624
5,scaling_2,greedy,30,46.634957689215135,27.34422815544006,284.1666666666667,61.28063390626783,0.06666666666666667,0.2537081317024624,54.46344729555478,10.998810181586194,0.13366692604672809,0.21458165198215,34810.63333333333,110270.48939374842,69071.1,110219.8085615035,0.06666666666666667,0.2537081317024624
5,scaling_2,auction,30,45.415889083808295,28.11310151377056,284.1666666666667,61.28063390626783,0.03333333333333333,0.18257418583505536,56.34095203051841,12.436344804906906,0.12680011247554687,0.2217135171292553,15141.033333333333,19193.000194006316,57751.0,28220.42564990948,0.06666666666666667,0.2537081317024624
5,scaling_5,independent,30,42.58971168831493,24.72630080001621,284.1666666666667,61.28063390626783,0.1,0.30512857662936466,121.59551873092938,27.439944522996175,0.10668353737376006,0.20253497997714406,4961.366666666667,4054.8708936743983,20210.266666666666,11324.920929718131,0.06666666666666667,0.2537081317024624
5,scaling_5,greedy,30,54.29707503573754,23.955235683535847,279.3,65.62335055398371,0.16666666666666666,0.461133037377414,51.23468204985736,11.034815567439072,0.19054619191682942,0.19636392986309334,57203.46666666667,218809.37883963864,148619.3,215448.99903531856,0.13333333333333333,0.3457459036417604
5,scaling_5,auction,30,56.077816735131826,26.431120636773603,270.53333333333336,70.03138869320564,0.03333333333333333,0.18257418583505536,51.85421249858223,11.733956548702027,0.21152249492370054,0.21697114771167084,128621.33333333333,371980.7936410374,292189.2,462430.31861105,0.2,0.40683810217248617
5,scaling_10,independent,30,43.995510684771595,23.72013917204332,284.1666666666667,61.28063390626783,0.16666666666666666,0.461133037377414,118.89484836694382,26.91592826219903,0.11685746368229001,0.1957875703328164,9526.266666666666,6475.085545611618,34182.066666666666,12703.91467479091,0.1,0.30512857662936466
5,scaling_10,greedy,30,66.69762811899645,25.67253725006789,239.83333333333334,83.24334221418854,0.13333333333333333,0.3457459036417604,47.33969869246773,14.007544556252027,0.3056611746107529,0.22498709109302423,227196.96666666667,975510.2771642479,431373.1,1003182.3942904745,0.5333333333333333,0.5074162634049248
5,scaling_10,auction,30,69.27275091720907,25.968560972290895,232.0,86.44392242452868,0.06666666666666667,0.2537081317024625,46.32318327536764,12.642873376458134,0.32957592308713013,0.22811835957275853,73462.4,36944.32462186198,542338.9,350178.40378242964,0.5333333333333333,0.5074162634049248
6,river,independent,30,65.0940771242992,13.021868854119138,291.6666666666667,45.643546458763836,0.0,0.0,123.65278446536654,19.236199095183697,0.26121409542565,0.10962020478479868,4102.566666666667,643.2088566969,16331.333333333334,2703.92369221717,0.03333333333333333,0.18257418583505536
6,river,greedy,30,77.20137276469654,12.990374176253244,242.8,74.21422858278547,0.03333333333333333,0.18257418583505536,52.575169742970715,9.75596137638296,0.3778762760195424,0.13293533974763452,170847.6,660756.3990445996,242532.13333333333,658373.5942080267,0.4666666666666667,0.507416263404925
6,river,auction,30,76.23372695448072,12.98670699714577,249.1,76.06229298274607,0.03333333333333333,0.18257418583505536,55.89889730109012,10.652984709561977,0.3669027553480316,0.1336188243702272,80945.83333333333,219138.70452155426,324495.56666666665,341790.2906728833,0.4,0.4982728791224398
