variant,mean,std,runs,ci95,agents_lost,cells_extinguished,firebreaks_cut,fallbacks
windy_single | independent,42.58971168831493,24.72630080001621,30,8.84819310506025,0.1,21.633333333333333,6.566666666666666,0.0
windy_single | greedy | firebreak,47.21484873483842,27.688930199508704,30,9.908356420125198,0.16666666666666666,72.63333333333334,25.966666666666665,0.0
windy_single | auction | firebreak,48.026577663000964,27.315588672924584,30,9.774757870626354,0.23333333333333334,77.43333333333334,26.666666666666668,0.9333333333333333
windy_single | greedy | nearest,52.82337684898902,27.29098931117954,30,9.765955102078733,0.13333333333333333,82.3,17.933333333333334,0.0
windy_single | auction | nearest,53.054011897460505,26.658047804687858,30,9.539459892830026,0.16666666666666666,81.16666666666667,18.966666666666665,1.3
windy_single | greedy | utility,54.29707503573754,23.955235683535847,30,8.572270996760508,0.16666666666666666,79.4,23.7,0.0
windy_single | auction | utility,56.077816735131826,26.431120636773603,30,9.458255048695458,0.03333333333333333,79.76666666666667,23.9,0.8
scaling_10 | independent,43.995510684771595,23.72013917204332,30,8.488142790570828,0.16666666666666666,22.866666666666667,9.5,0.0
scaling_10 | greedy | firebreak,65.01023325679003,28.34055582377037,30,10.141537655050112,0.2,103.16666666666667,31.633333333333333,0.0
scaling_10 | auction | firebreak,63.48491171500954,27.81960727036422,30,9.95511860936996,0.3333333333333333,102.8,29.233333333333334,0.6333333333333333
scaling_10 | greedy | nearest,63.091185840931615,27.54919133196741,30,9.858351508582304,0.06666666666666667,127.93333333333334,23.733333333333334,0.0
scaling_10 | auction | nearest,64.54709038683268,25.47470240376022,30,9.116005179483425,0.03333333333333333,136.96666666666667,23.866666666666667,2.2
scaling_10 | greedy | utility,66.69762811899645,25.672537250067887,30,9.1867994700325,0.13333333333333333,116.3,28.166666666666668,0.0
scaling_10 | auction | utility,69.27275091720907,25.968560972290895,30,9.292730198575047,0.06666666666666667,110.06666666666666,27.6,2.466666666666667
