study,variant,strategy,seed,fallbacks,trees_initial,trees_saved,pct_forest_saved,t_contain,contained,agents_lost,mean_belief_staleness,astar_nodes_expanded,ucs_nodes_expanded,astar_calls,cells_extinguished,firebreaks_cut,messages,score,steps
timing,independent | every 1,independent,0,0,2061,73,3.541969917515769,131,True,0,52.72757027321239,1709,0,540,15,9,766,-0.0625395439107229,131
timing,independent | every 1,independent,1,0,1988,26,1.3078470824949695,116,True,0,42.90585567642562,1600,0,509,6,2,676,-0.0681784037558685,116
timing,independent | every 1,independent,2,0,2002,2001,99.95004995004994,4,True,0,1.1227272727272726,47,0,11,0,0,24,0.6969836829836829,4
timing,independent | every 1,independent,3,0,2049,59,2.8794533918984877,89,True,0,39.226501366176535,5976,0,374,11,5,523,-0.0391771595900439,89
timing,independent | every 1,independent,4,0,2018,20,0.9910802775024776,170,True,0,68.78420734872205,2298,0,729,16,3,980,-0.1063957713908159,170
timing,independent | every 1,independent,5,0,2016,31,1.5376984126984128,102,True,0,43.010675312876366,1342,0,432,17,4,592,-0.0572361111111111,102
timing,independent | every 1,independent,6,0,2047,24,1.172447484123107,217,True,0,90.10379395564628,2807,0,838,36,9,1226,-0.1364595342778049,217
timing,independent | every 1,independent,7,0,2006,36,1.7946161515453638,109,True,0,42.25018446480451,1488,0,475,10,5,634,-0.0601043536058491,109
timing,independent | every 1,independent,8,0,2026,22,1.0858835143139192,100,True,0,40.36985111026584,1405,0,445,8,3,580,-0.0590654820664692,100
timing,independent | every 1,independent,9,0,2046,30,1.466275659824047,158,True,2,62.44340974334951,2026,0,643,5,2,914,-0.135069403714565,158
timing,independent | every 1,independent,10,0,2052,20,0.9746588693957114,86,True,0,39.82909552270509,1116,0,358,16,5,506,-0.0505107212475633,86
timing,independent | every 1,independent,11,0,2052,35,1.7056530214424952,172,True,1,72.64083226344795,2092,0,655,17,4,992,-0.1227270955165692,172
timing,independent | every 1,independent,12,0,1992,32,1.606425702811245,240,True,0,98.18144743489091,3232,0,1024,20,3,1364,-0.1487550200803213,240
timing,independent | every 1,independent,13,0,2006,41,2.0438683948155534,148,True,0,60.11187428994208,1973,0,625,12,5,854,-0.0843595879029577,148
timing,independent | every 1,independent,14,0,2014,50,2.4826216484607744,173,True,2,68.0204931540743,2042,0,649,8,3,998,-0.1379549817941079,173
timing,independent | every 1,independent,15,0,1995,93,4.661654135338346,113,True,0,43.25636056873778,1556,0,488,5,2,658,-0.0427017543859649,113
timing,independent | every 1,independent,16,0,2051,43,2.096538274012677,76,True,2,31.75350681732168,864,0,270,19,6,446,-0.0759908987485779,76
timing,independent | every 1,independent,17,0,2049,38,1.8545632015617373,109,True,1,42.140509192589406,1443,0,456,9,4,634,-0.0796847242557345,109
timing,independent | every 1,independent,18,0,2049,22,1.07369448511469,104,True,0,39.36490747765224,1462,0,470,4,1,604,-0.0618174719375304,104
timing,independent | every 1,independent,19,0,2034,1997,98.18092428711898,21,True,0,7.008162427133016,262,0,76,0,0,126,0.6732664700098328,21
timing,greedy | every 1,greedy,0,0,2061,27,1.310043668122271,131,True,0,44.78810068649886,4643,0,209,26,5,1736,-0.0781630276564774,131
timing,greedy | every 1,greedy,1,0,1988,23,1.1569416498993963,91,True,0,29.39818054583625,1892,0,98,10,7,1099,-0.0525680751173709,91
timing,greedy | every 1,greedy,2,0,2002,2001,99.95004995004994,4,True,0,0.037037037037037,177,0,6,0,0,49,0.6969836829836829,4
timing,greedy | every 1,greedy,3,0,2049,30,1.4641288433382138,97,True,1,31.80072463768116,5706,0,101,28,7,1120,-0.0744177647632991,97
timing,greedy | every 1,greedy,4,0,2018,28,1.3875123885034688,158,True,1,60.9352,3164,0,244,20,2,1814,-0.115620746613809,158
timing,greedy | every 1,greedy,5,0,2016,32,1.5873015873015872,102,True,1,38.09157303370787,2401,0,101,26,7,1152,-0.0768888888888889,102
timing,greedy | every 1,greedy,6,0,2047,22,1.074743527112848,188,True,0,62.3272,11462,0,217,4,2,2155,-0.1178101286435433,188
timing,greedy | every 1,greedy,7,0,2006,28,1.3958125623130608,136,True,2,54.02705139765555,9501,0,104,10,3,1305,-0.1208959787304752,136
timing,greedy | every 1,greedy,8,0,2026,23,1.1352418558736426,100,True,2,34.19583567810917,4399,0,96,10,2,1068,-0.0987199736755511,100
timing,greedy | every 1,greedy,9,0,2046,28,1.3685239491691104,155,True,0,52.12505042355789,5120,0,239,25,8,1973,-0.0937536656891495,155
timing,greedy | every 1,greedy,10,0,2052,22,1.0721247563352827,83,True,2,30.50255288110868,2046,0,59,12,4,855,-0.0878284600389863,83
timing,greedy | every 1,greedy,11,0,2052,24,1.1695906432748535,210,True,0,57.972,246899,0,441,13,1,2448,-0.131812865497076,210
timing,greedy | every 1,greedy,12,0,1992,25,1.2550200803212852,191,True,1,59.4496,9724,0,325,16,4,2394,-0.1385481927710843,191
timing,greedy | every 1,greedy,13,0,2006,41,2.0438683948155534,148,True,0,58.37439024390244,3647,0,190,20,4,1828,-0.0843595879029577,148
timing,greedy | every 1,greedy,14,0,2014,25,1.2413108242303872,231,True,0,51.9248,8445,0,332,6,3,2867,-0.1453108242303873,231
timing,greedy | every 1,greedy,15,0,1995,72,3.609022556390977,100,True,0,30.34551886792453,5451,0,98,14,5,1204,-0.0414035087719298,100
timing,greedy | every 1,greedy,16,0,2051,44,2.145294978059483,70,True,0,18.046703296703296,2264,0,71,21,5,843,-0.0316496018202502,70
timing,greedy | every 1,greedy,17,0,2049,166,8.101512933138116,127,True,0,42.39392523364486,3821,0,155,11,3,1532,-0.0279560761346998,127
timing,greedy | every 1,greedy,18,0,2049,20,0.9760858955588092,90,True,1,29.9129861568886,5798,0,101,13,5,1018,-0.0731673987310883,90
timing,greedy | every 1,greedy,19,0,2034,1997,98.18092428711898,21,True,0,4.292620865139949,252,0,22,0,0,248,0.6732664700098328,21
timing,auction | every 1,auction,0,0,2061,25,1.21300339640951,131,True,0,44.48820649755229,15749,0,432,20,6,2468,-0.0788423095584667,131
timing,auction | every 1,auction,1,0,1988,19,0.9557344064386318,91,True,0,28.91695743196092,4368,0,156,16,4,1244,-0.0539765258215962,91
timing,auction | every 1,auction,2,0,2002,2001,99.95004995004994,4,True,0,0.037037037037037,177,0,6,0,0,49,0.6969836829836829,4
timing,auction | every 1,auction,3,0,2049,29,1.4153245485602732,97,True,2,31.101466275659824,15559,0,145,19,6,1219,-0.0947593948267447,97
timing,auction | every 1,auction,4,0,2018,28,1.3875123885034688,158,True,1,60.9636,11292,0,394,21,4,2319,-0.115620746613809,158
timing,auction | every 1,auction,5,0,2016,33,1.636904761904762,102,True,1,37.16534090909091,5956,0,178,23,6,1381,-0.0765416666666666,102
timing,auction | every 1,auction,6,0,2047,25,1.2212994626282363,188,True,0,60.2004,38772,0,313,6,3,2440,-0.1167842370949356,188
timing,auction | every 1,auction,7,0,2006,35,1.744765702891326,122,True,2,44.99613526570048,20984,0,106,14,4,1248,-0.109119973413094,122
timing,auction | every 1,auction,8,0,2026,23,1.1352418558736426,100,True,2,35.23620689655172,7997,0,136,11,3,1177,-0.0987199736755511,100
timing,auction | every 1,auction,9,0,2046,29,1.4173998044965788,158,True,1,58.968374699759806,16114,0,270,14,6,2060,-0.1154115347018572,158
timing,auction | every 1,auction,10,0,2052,22,1.0721247563352827,83,True,2,29.83150984682713,4181,0,84,14,4,922,-0.0878284600389863,83
timing,auction | every 1,auction,11,5,2052,40,1.949317738791423,172,True,0,58.762,13407,0,377,15,2,2299,-0.1010214424951267,172
timing,auction | every 1,auction,12,0,1992,24,1.2048192771084338,191,True,1,57.598,13910,0,474,15,4,2872,-0.1388995983935743,191
timing,auction | every 1,auction,13,0,2006,40,1.9940179461615155,148,True,0,55.59394187474417,14837,0,295,20,2,2159,-0.084708541043536,148
timing,auction | every 1,auction,14,0,2014,26,1.2909632571996028,231,True,0,53.162,22869,0,598,9,2,3454,-0.1449632571996028,231
timing,auction | every 1,auction,15,0,1995,72,3.609022556390977,100,True,0,30.97759433962264,8542,0,144,15,5,1292,-0.0414035087719298,100
timing,auction | every 1,auction,16,0,2051,42,2.04778156996587,70,True,0,18.011545293072825,6998,0,107,11,4,868,-0.0323321956769055,70
timing,auction | every 1,auction,17,0,2049,166,8.101512933138116,127,True,0,43.75904761904762,8926,0,229,12,4,1760,-0.0279560761346998,127
timing,auction | every 1,auction,18,0,2049,20,0.9760858955588092,90,True,1,28.31641397495056,9080,0,124,13,5,1113,-0.0731673987310883,90
timing,auction | every 1,auction,19,0,2034,1997,98.18092428711898,21,True,0,4.292620865139949,252,0,22,0,0,248,0.6732664700098328,21
timing,oracle | every 1,auction,0,0,2061,30,1.455604075691412,131,True,0,0.0,187175,0,586,26,4,2530,-0.0771441048034934,131
timing,oracle | every 1,auction,1,0,1988,20,1.0060362173038229,96,True,0,0.0,184841,0,467,31,6,1884,-0.0569577464788732,96
timing,oracle | every 1,auction,2,0,2002,2001,99.95004995004994,4,True,0,0.0,0,0,0,0,0,44,0.6969836829836829,4
timing,oracle | every 1,auction,3,0,2049,26,1.268911664226452,97,True,0,0.0,226956,0,468,32,5,1880,-0.0557842850170815,97
timing,oracle | every 1,auction,4,0,2018,22,1.0901883052527257,166,True,0,0.0,212419,0,758,36,6,3451,-0.1030353485298976,166
timing,oracle | every 1,auction,5,0,2016,33,1.636904761904762,102,True,0,0.0,227710,0,491,25,3,1961,-0.0565416666666666,102
timing,oracle | every 1,auction,6,0,2047,16,0.7816316560820713,188,True,0,0.0,237482,0,876,41,3,3774,-0.1198619117407588,188
timing,oracle | every 1,auction,7,0,2006,38,1.89431704885344,125,True,0,0.0,337235,0,685,26,6,2519,-0.0700731139913592,125
timing,oracle | every 1,auction,8,0,2026,25,1.2339585389930898,104,True,0,0.0,155866,0,462,27,4,2138,-0.0606956235603817,104
timing,oracle | every 1,auction,9,0,2046,42,2.0527859237536656,158,True,0,0.0,181164,0,642,49,5,3633,-0.0909638318670576,158
timing,oracle | every 1,auction,10,0,2052,20,0.9746588693957114,83,True,0,0.0,212437,0,406,11,2,1600,-0.0485107212475633,83
timing,oracle | every 1,auction,11,0,2052,40,1.949317738791423,172,True,0,0.0,291395,0,851,38,2,3607,-0.1010214424951267,172
timing,oracle | every 1,auction,12,0,1992,1313,65.9136546184739,109,True,0,0.0,170848,0,500,3,2,2139,0.3887289156626505,109
timing,oracle | every 1,auction,13,0,2006,35,1.744765702891326,148,True,0,0.0,230998,0,645,32,1,3276,-0.0864533067464273,148
timing,oracle | every 1,auction,14,0,2014,48,2.383316782522344,252,True,0,0.0,250191,0,1153,53,9,5222,-0.1513167825223436,252
timing,oracle | every 1,auction,15,0,1995,75,3.7593984962406015,100,True,0,0.0,166882,0,434,25,3,2115,-0.0403508771929824,100
timing,oracle | every 1,auction,16,0,2051,40,1.9502681618722573,70,True,0,0.0,167335,0,323,14,3,1341,-0.0330147895335608,70
timing,oracle | every 1,auction,17,0,2049,176,8.589555880917521,127,True,0,0.0,208765,0,605,17,5,2498,-0.024539775500244,127
timing,oracle | every 1,auction,18,0,2049,25,1.2201073694485114,90,True,0,0.0,238089,0,453,25,3,1999,-0.0514592484138604,90
timing,oracle | every 1,auction,19,0,2034,1997,98.18092428711898,21,True,0,0.0,10868,0,89,0,0,400,0.6732664700098328,21
timing,independent | every 2,independent,0,0,2061,34,1.6496846191169334,262,True,0,109.77988287738478,3632,0,1151,8,2,1491,-0.1631188743328481,262
timing,independent | every 2,independent,1,0,1988,16,0.8048289738430584,192,True,1,79.47963320151447,2439,0,740,39,8,1092,-0.1423661971830986,192
timing,independent | every 2,independent,2,0,2002,2001,99.95004995004994,8,True,0,2.50284126984127,89,0,23,0,0,48,0.6943170163170163,8
timing,independent | every 2,independent,3,0,2049,39,1.9033674963396776,198,True,0,81.7146719937135,7319,0,756,31,13,1122,-0.1186764275256222,198
timing,independent | every 2,independent,4,0,2018,264,13.082259663032705,300,False,1,128.8051036047354,3990,0,1182,39,4,1718,-0.128424182358771,300
timing,independent | every 2,independent,5,0,2016,42,2.083333333333333,204,True,1,82.11207120130476,2435,0,624,38,6,1152,-0.1414166666666667,204
timing,independent | every 2,independent,6,0,2047,211,10.307767464582316,300,False,1,127.82875078410166,3903,0,1232,18,6,1718,-0.1478456277479238,300
timing,independent | every 2,independent,7,0,2006,84,4.187437686939182,218,True,0,93.22978468429784,2866,0,836,40,8,1232,-0.116021269524759,218
timing,independent | every 2,independent,8,0,2026,27,1.332675222112537,206,True,0,84.41692524246888,2742,0,857,27,2,1162,-0.1280046067785455,206
timing,independent | every 2,independent,9,0,2046,39,1.906158357771261,300,False,0,129.37548373538,3876,0,1116,54,8,1718,-0.1866568914956012,300
timing,independent | every 2,independent,10,0,2052,77,3.752436647173489,166,True,2,70.74059899302256,1923,0,582,24,4,957,-0.1243996101364522,166
timing,independent | every 2,independent,11,0,2052,444,21.6374269005848,212,True,0,95.7328596504312,2719,0,836,31,4,1198,0.0101286549707602,212
timing,independent | every 2,independent,12,0,1992,593,29.769076305220885,300,False,0,132.30843055534868,4064,0,1287,20,13,1718,0.0083835341365461,300
timing,independent | every 2,independent,13,0,2006,53,2.642073778664008,300,False,1,129.40320875898348,3852,0,1225,17,4,1718,-0.2015054835493519,300
timing,independent | every 2,independent,14,0,2014,88,4.369414101290963,300,False,1,129.46166730780322,3823,0,1195,19,8,1718,-0.1894141012909632,300
timing,independent | every 2,independent,15,0,1995,79,3.9598997493734336,224,True,1,92.9099363130855,2588,0,728,39,9,1268,-0.1416140350877193,224
timing,independent | every 2,independent,16,0,2051,41,1.999024865919064,140,True,0,55.341233970104994,1860,0,581,14,5,814,-0.0793401592718998,140
timing,independent | every 2,independent,17,0,2049,120,5.856515373352855,222,True,2,93.60214753673196,2478,0,699,31,9,1256,-0.14700439238653,222
timing,independent | every 2,independent,18,0,2049,82,4.0019521717911175,180,True,2,74.58910883173573,1959,0,593,26,7,1035,-0.1319863347974622,180
timing,independent | every 2,independent,19,0,2034,1997,98.18092428711898,42,True,0,17.76502672537789,577,0,181,0,0,252,0.6592664700098327,42
timing,greedy | every 2,greedy,0,0,2061,56,2.7171276079573023,300,False,0,53.408,25862,0,431,56,14,3605,-0.1809801067442989,300
timing,greedy | every 2,greedy,1,0,1988,21,1.056338028169014,300,False,1,49.9756,32082,0,415,35,13,3594,-0.2126056338028169,300
timing,greedy | every 2,greedy,2,0,2002,2001,99.95004995004994,8,True,0,0.527027027027027,315,0,9,0,0,96,0.6943170163170163,8
timing,greedy | every 2,greedy,3,0,2049,41,2.0009760858955588,208,True,1,56.0536,7072,0,240,28,13,2246,-0.1446598340653977,208
timing,greedy | every 2,greedy,4,0,2018,132,6.541129831516352,300,False,1,50.8012,6827,0,331,42,11,3309,-0.1742120911793855,300
timing,greedy | every 2,greedy,5,0,2016,35,1.7361111111111112,234,True,0,58.022,8962,0,392,41,12,2987,-0.1438472222222222,234
timing,greedy | every 2,greedy,6,0,2047,217,10.600879335613092,300,False,0,54.7768,11673,0,443,90,12,3752,-0.1257938446507083,300
timing,greedy | every 2,greedy,7,0,2006,35,1.744765702891326,224,True,1,59.6316,8656,0,304,25,2,2545,-0.157119973413094,224
timing,greedy | every 2,greedy,8,0,2026,23,1.1352418558736426,208,True,0,53.994,13536,0,264,19,9,2349,-0.1307199736755511,208
timing,greedy | every 2,greedy,9,0,2046,127,6.207233626588465,270,True,1,45.3352,6559,0,363,37,8,3090,-0.1565493646138807,270
timing,greedy | every 2,greedy,10,0,2052,23,1.1208576998050683,166,True,0,57.06138933764136,4255,0,183,28,6,2069,-0.1028206627680312,166
timing,greedy | every 2,greedy,11,0,2052,77,3.752436647173489,300,False,0,48.4908,15311,0,533,47,16,3882,-0.1737329434697856,300
timing,greedy | every 2,greedy,12,0,1992,359,18.02208835341365,300,False,0,59.3608,16827,0,410,57,13,3621,-0.0738453815261044,300
timing,greedy | every 2,greedy,13,0,2006,319,15.902293120638086,300,False,0,48.1636,15722,0,484,32,12,3927,-0.0886839481555334,300
timing,greedy | every 2,greedy,14,0,2014,1348,66.93147964250248,148,True,0,61.48779511804722,9286,0,271,15,1,1874,0.3698536908308506,148
timing,greedy | every 2,greedy,15,0,1995,72,3.609022556390977,200,True,0,58.39,16507,0,196,12,8,2247,-0.1080701754385964,200
timing,greedy | every 2,greedy,16,0,2051,45,2.1940516821062896,140,True,0,50.07435781883731,6388,0,179,22,6,1815,-0.0779749715585893,140
timing,greedy | every 2,greedy,17,0,2049,178,8.687164470473402,254,True,0,46.5224,22264,0,335,21,5,3087,-0.1085231820400195,254
timing,greedy | every 2,greedy,18,0,2049,20,0.9760858955588092,180,True,1,66.8736,4747,0,222,40,4,2040,-0.1331673987310883,180
timing,greedy | every 2,greedy,19,0,2034,1997,98.18092428711898,42,True,0,11.660023446658853,478,0,61,0,0,515,0.6592664700098327,42
timing,auction | every 2,auction,0,0,2061,42,2.037845705967977,300,False,1,65.5976,29918,0,527,61,15,4165,-0.2057350800582241,300
timing,auction | every 2,auction,1,0,1988,18,0.9054325955734408,192,True,0,62.23444399839422,20639,0,405,20,6,2582,-0.1216619718309859,192
timing,auction | every 2,auction,2,0,2002,2001,99.95004995004994,8,True,0,0.527027027027027,315,0,9,0,0,96,0.6943170163170163,8
timing,auction | every 2,auction,3,0,2049,41,2.0009760858955588,208,True,1,57.6104,16914,0,370,28,13,2457,-0.1446598340653977,208
timing,auction | every 2,auction,4,0,2018,144,7.135777998017839,300,False,1,53.922,34162,0,503,62,28,6130,-0.1700495540138751,300
timing,auction | every 2,auction,5,5,2016,83,4.117063492063492,300,False,1,51.9716,41629,0,606,50,12,4166,-0.1911805555555555,300
timing,auction | every 2,auction,6,0,2047,960,46.89789936492428,205,True,1,65.8312,19251,0,469,57,21,3014,0.1716186288878032,205
timing,auction | every 2,auction,7,4,2006,40,1.9940179461615155,208,True,1,47.50962309542903,12516,0,425,19,4,2667,-0.144708541043536,208
timing,auction | every 2,auction,8,0,2026,23,1.1352418558736426,208,True,1,61.972,20697,0,329,22,7,2427,-0.1507199736755511,208
timing,auction | every 2,auction,9,0,2046,114,5.571847507331379,268,True,0,54.2112,32964,0,526,24,7,3564,-0.139663734115347,268
timing,auction | every 2,auction,10,0,2052,21,1.023391812865497,166,True,1,57.5776,12932,0,291,20,4,2148,-0.1235029239766082,166
timing,auction | every 2,auction,11,4,2052,76,3.703703703703704,300,False,1,48.3912,26297,0,706,44,21,4462,-0.1940740740740741,300
timing,auction | every 2,auction,12,0,1992,339,17.018072289156628,300,False,0,66.0728,45690,0,766,67,30,5042,-0.0808734939759036,300
timing,auction | every 2,auction,13,0,2006,50,2.4925224327018944,300,False,2,49.3936,36226,0,532,50,18,4504,-0.2225523429710867,300
timing,auction | every 2,auction,14,0,2014,1348,66.93147964250248,148,True,0,61.48779511804722,17444,0,336,15,1,2226,0.3698536908308506,148
timing,auction | every 2,auction,15,0,1995,72,3.609022556390977,200,True,0,54.452,54466,0,293,14,8,2432,-0.1080701754385964,200
timing,auction | every 2,auction,16,5,2051,42,2.04778156996587,148,True,0,52.64360313315927,11355,0,397,19,5,2065,-0.0843321956769055,148
timing,auction | every 2,auction,17,5,2049,145,7.076622742801367,254,True,0,44.2228,50935,0,1166,38,8,4797,-0.1197969741337237,254
timing,auction | every 2,auction,18,0,2049,20,0.9760858955588092,180,True,1,69.5548,18671,0,335,32,4,2506,-0.1331673987310883,180
timing,auction | every 2,auction,19,0,2034,1997,98.18092428711898,42,True,0,11.660023446658853,478,0,61,0,0,515,0.6592664700098327,42
timing,oracle | every 2,auction,0,0,2061,29,1.4070839398350314,264,True,0,0.0,106151,0,424,78,34,5597,-0.1661504124211548,264
timing,oracle | every 2,auction,1,0,1988,28,1.408450704225352,188,True,0,0.0,85652,0,281,48,16,2505,-0.1154741784037558,188
timing,oracle | every 2,auction,2,0,2002,2001,99.95004995004994,8,True,0,0.0,9589,0,12,0,0,127,0.6943170163170163,8
timing,oracle | every 2,auction,3,0,2049,44,2.14738897022938,186,True,0,0.0,57861,0,220,46,14,2457,-0.1089682772083943,186
timing,oracle | every 2,auction,4,0,2018,214,10.60455896927651,300,False,0,0.0,86240,0,362,98,28,6552,-0.1257680872150644,300
timing,oracle | every 2,auction,5,0,2016,46,2.281746031746032,184,True,0,0.0,94936,0,293,53,15,3405,-0.1066944444444444,184
timing,oracle | every 2,auction,6,0,2047,1043,50.95261358085003,182,True,0,0.0,67288,0,233,54,20,2422,0.2353349617326168,182
timing,oracle | every 2,auction,7,0,2006,48,2.3928215353938187,244,True,0,0.0,177178,0,415,58,11,4408,-0.1459169159189099,244
timing,oracle | every 2,auction,8,0,2026,45,2.2211253701875617,198,True,0,0.0,55274,0,251,52,13,3129,-0.116452122408687,198
timing,oracle | every 2,auction,9,0,2046,75,3.665689149560117,300,False,0,0.0,121404,0,404,111,24,4272,-0.1743401759530791,300
timing,oracle | every 2,auction,10,0,2052,30,1.4619883040935673,166,True,0,0.0,80885,0,227,41,11,2781,-0.1004327485380117,166
timing,oracle | every 2,auction,11,0,2052,263,12.816764132553606,300,False,0,0.0,62227,0,383,103,63,5067,-0.1102826510721247,300
timing,oracle | every 2,auction,12,0,1992,1582,79.41767068273093,182,True,0,0.0,25859,0,245,80,20,2366,0.434590361445783,182
timing,oracle | every 2,auction,13,0,2006,119,5.932203389830509,278,True,0,0.0,80320,0,337,104,37,4894,-0.1438079096045197,278
timing,oracle | every 2,auction,14,0,2014,1385,68.76861966236346,130,True,0,0.0,25659,0,126,31,4,1532,0.3947136709698775,130
timing,oracle | every 2,auction,15,0,1995,89,4.461152882205514,200,True,0,0.0,76649,0,293,54,25,4141,-0.1021052631578947,200
timing,oracle | every 2,auction,16,0,2051,37,1.8039980497318384,140,True,0,0.0,116212,0,217,40,12,2012,-0.0807053469852104,140
timing,oracle | every 2,auction,17,0,2049,182,8.882381649585163,250,True,0,0.0,66622,0,401,57,10,3574,-0.1044899951195705,250
timing,oracle | every 2,auction,18,0,2049,24,1.171303074670571,180,True,0,0.0,111028,0,282,38,8,2882,-0.1118008784773059,180
timing,oracle | every 2,auction,19,0,2034,1997,98.18092428711898,42,True,0,0.0,8690,0,107,0,0,621,0.6592664700098327,42
timing,independent | every 3,independent,0,0,2061,277,13.44007763221737,300,False,0,131.90048005326724,4063,0,1139,50,11,1718,-0.1059194565744784,300
timing,independent | every 3,independent,1,0,1988,97,4.879275653923541,300,False,1,127.68497441509064,3531,0,1104,24,11,1718,-0.1858450704225352,300
timing,independent | every 3,independent,2,0,2002,2001,99.95004995004994,12,True,0,3.494502164502164,139,0,38,0,0,72,0.6916503496503495,12
timing,independent | every 3,independent,3,0,2049,142,6.930209858467546,291,True,0,128.25648055349853,8419,0,1067,37,10,1664,-0.1454885309907272,291
timing,independent | every 3,independent,4,0,2018,868,43.012884043607535,300,False,0,127.16481785373074,4220,0,1349,0,0,1718,0.1010901883052526,300
timing,independent | every 3,independent,5,0,2016,39,1.934523809523809,300,False,1,127.70040068564435,3681,0,1163,25,8,1718,-0.2064583333333333,300
timing,independent | every 3,independent,6,0,2047,836,40.84025403028823,300,False,0,127.16481785373074,4220,0,1349,0,0,1718,0.0858817782120175,300
timing,independent | every 3,independent,7,0,2006,49,2.4426719840478563,300,False,0,127.55693716229776,3950,0,1167,40,3,1718,-0.182901296111665,300
timing,independent | every 3,independent,8,0,2026,26,1.2833168805528137,300,False,1,128.20975053242614,3695,0,1150,68,8,1718,-0.2110167818361303,300
timing,independent | every 3,independent,9,0,2046,404,19.745845552297165,300,False,0,132.69483825851435,3970,0,1242,44,5,1718,-0.0617790811339198,300
timing,independent | every 3,independent,10,0,2052,38,1.851851851851852,300,False,1,128.04821159442855,3642,0,1120,21,6,1718,-0.207037037037037,300
timing,independent | every 3,independent,11,0,2052,454,22.12475633528265,300,False,1,130.90566100154578,18070,0,1138,15,3,1718,-0.0651267056530214,300
timing,independent | every 3,independent,12,0,1992,1096,55.02008032128514,300,False,0,129.60371940129716,4166,0,1318,3,2,1718,0.1851405622489959,300
timing,independent | every 3,independent,13,0,2006,448,22.333000997008973,300,False,0,130.77012357101108,4051,0,1245,35,11,1718,-0.0436689930209372,300
timing,independent | every 3,independent,14,0,2014,824,40.91360476663357,300,False,0,128.44885502339156,4079,0,1263,6,2,1718,0.0863952333664349,300
timing,independent | every 3,independent,15,0,1995,200,10.025062656641603,282,True,0,118.48601017883924,3601,0,961,53,17,1610,-0.1178245614035088,282
timing,independent | every 3,independent,16,0,2051,97,4.729400292540224,213,True,1,84.67164869784357,2422,0,684,40,11,1204,-0.1288941979522184,213
timing,independent | every 3,independent,17,0,2049,259,12.640312347486578,300,False,0,124.91057231238842,4111,0,1307,24,4,1718,-0.1115178135675939,300
timing,independent | every 3,independent,18,0,2049,61,2.977061981454368,300,False,0,127.28446409197014,4022,0,1220,24,7,1718,-0.1791605661298194,300
timing,independent | every 3,independent,19,0,2034,1997,98.18092428711898,63,True,0,27.726566349027053,879,0,279,0,0,368,0.6452664700098327,63
timing,greedy | every 3,greedy,0,0,2061,532,25.81271227559437,300,False,0,55.1136,10471,0,333,92,35,3463,-0.0193110140708394,300
timing,greedy | every 3,greedy,1,0,1988,45,2.263581488933601,300,False,2,58.4532,7168,0,248,27,11,2896,-0.2241549295774648,300
timing,greedy | every 3,greedy,2,0,2002,2001,99.95004995004994,12,True,0,1.576036866359447,368,0,12,0,0,142,0.6916503496503495,12
timing,greedy | every 3,greedy,3,0,2049,184,8.979990239141044,300,False,0,50.8644,492683,0,708,64,27,3634,-0.1371400683260127,300
timing,greedy | every 3,greedy,4,0,2018,871,43.16154608523291,300,False,0,48.1804,11664,0,375,49,16,3561,0.1021308225966303,300
timing,greedy | every 3,greedy,5,0,2016,86,4.265873015873016,300,False,0,43.4872,23751,0,404,45,16,3337,-0.1701388888888889,300
timing,greedy | every 3,greedy,6,0,2047,1223,59.74596971177333,300,False,0,48.1564,13356,0,537,56,10,3905,0.2182217879824132,300
timing,greedy | every 3,greedy,7,0,2006,212,10.568295114656031,300,False,1,48.6148,6905,0,337,81,12,3495,-0.1460219341974078,300
timing,greedy | every 3,greedy,8,0,2026,23,1.1352418558736426,300,False,1,47.8024,8899,0,266,39,7,3233,-0.2120533070088845,300
timing,greedy | every 3,greedy,9,0,2046,283,13.83186705767351,300,False,0,62.6712,12247,0,367,72,17,3525,-0.1031769305962854,300
timing,greedy | every 3,greedy,10,0,2052,16,0.7797270955165692,294,True,0,54.4624,229736,0,545,51,5,3480,-0.190541910331384,294
timing,greedy | every 3,greedy,11,0,2052,448,21.832358674463936,300,False,0,47.0272,12830,0,391,53,30,3452,-0.0471734892787524,300
timing,greedy | every 3,greedy,12,0,1992,1400,70.28112449799197,300,False,0,55.0512,14754,0,455,73,27,3758,0.2919678714859437,300
timing,greedy | every 3,greedy,13,0,2006,1047,52.193419740777664,300,False,2,50.8336,9489,0,409,33,17,3605,0.1253539381854436,300
timing,greedy | every 3,greedy,14,0,2014,1050,52.13505461767627,300,False,0,53.3016,15279,0,423,56,15,3720,0.1649453823237338,300
timing,greedy | every 3,greedy,15,0,1995,71,3.558897243107769,300,True,0,45.8688,1910507,0,1219,31,6,3796,-0.1750877192982456,300
timing,greedy | every 3,greedy,16,0,2051,44,2.145294978059483,210,True,0,71.2072,15018,0,190,49,12,2375,-0.1249829351535836,210
timing,greedy | every 3,greedy,17,0,2049,100,4.880429477794046,300,False,1,48.33,39347,0,351,36,6,3161,-0.1858369936554417,300
timing,greedy | every 3,greedy,18,0,2049,25,1.2201073694485114,270,True,0,46.1884,11148,0,415,43,16,3170,-0.1714592484138604,270
timing,greedy | every 3,greedy,19,0,2034,1997,98.18092428711898,63,True,0,18.70744288872513,1126,0,108,0,0,779,0.6452664700098327,63
timing,auction | every 3,auction,0,0,2061,561,27.219796215429405,300,False,0,50.6572,30360,0,419,86,36,4801,-0.0094614264919941,300
timing,auction | every 3,auction,1,0,1988,89,4.476861167002012,300,False,3,67.4084,15141,0,243,27,19,3488,-0.2286619718309859,300
timing,auction | every 3,auction,2,0,2002,2001,99.95004995004994,12,True,0,1.576036866359447,368,0,12,0,0,142,0.6916503496503495,12
timing,auction | every 3,auction,3,10,2049,293,14.299658369936555,300,False,0,47.7348,72543,0,1696,59,29,5161,-0.0999023914104441,300
timing,auction | every 3,auction,4,0,2018,940,46.58077304261645,300,False,0,53.2584,20876,0,444,68,19,5959,0.1260654112983151,300
timing,auction | every 3,auction,5,0,2016,58,2.876984126984127,300,False,0,50.7288,39643,0,369,55,16,4230,-0.1798611111111111,300
timing,auction | every 3,auction,6,0,2047,694,33.90327308255984,300,False,0,52.8448,23204,0,469,81,23,6107,0.0373229115779188,300
timing,auction | every 3,auction,7,0,2006,172,8.574277168494516,300,False,0,53.7084,210672,0,576,86,11,4225,-0.1399800598205384,300
timing,auction | every 3,auction,8,0,2026,23,1.1352418558736426,300,False,1,43.62595114136964,28148,0,296,36,7,3508,-0.2120533070088845,300
timing,auction | every 3,auction,9,0,2046,1112,54.349951124144674,192,True,0,56.8316,25177,0,405,40,10,2702,0.2524496578690126,192
timing,auction | every 3,auction,10,0,2052,17,0.8284600389863548,294,True,0,47.016,42585,0,467,62,10,4141,-0.1902007797270955,294
timing,auction | every 3,auction,11,0,2052,465,22.660818713450293,300,False,1,50.9108,32408,0,445,102,21,5469,-0.0613742690058479,300
timing,auction | every 3,auction,12,0,1992,1253,62.90160642570281,300,False,0,54.0868,37133,0,643,83,21,4598,0.2403112449799196,300
timing,auction | every 3,auction,13,0,2006,1382,68.89332003988036,174,True,0,67.9872,10878,0,407,19,7,2601,0.3662532402791624,174
timing,auction | every 3,auction,14,0,2014,848,42.10526315789474,300,False,0,49.358,30815,0,634,89,16,4808,0.0947368421052631,300
timing,auction | every 3,auction,15,0,1995,75,3.7593984962406015,300,True,0,49.8288,71503,0,512,37,9,3611,-0.1736842105263158,300
timing,auction | every 3,auction,16,0,2051,46,2.242808386153096,210,True,0,53.98,37099,0,370,57,11,3564,-0.1243003412969283,210
timing,auction | every 3,auction,17,0,2049,282,13.762811127379209,300,False,1,56.1772,41033,0,457,52,10,4782,-0.1236603221083455,300
timing,auction | every 3,auction,18,0,2049,28,1.3665202537823329,273,True,0,52.1956,28012,0,400,64,18,3531,-0.1724343582235236,273
timing,auction | every 3,auction,19,0,2034,1997,98.18092428711898,63,True,0,18.70744288872513,1126,0,108,0,0,779,0.6452664700098327,63
timing,oracle | every 3,auction,0,0,2061,289,14.022319262493935,300,False,0,0.0,37918,0,316,138,55,6389,-0.1018437651625424,300
timing,oracle | every 3,auction,1,0,1988,45,2.263581488933601,267,True,0,0.0,59006,0,295,106,47,6243,-0.1621549295774648,267
timing,oracle | every 3,auction,2,0,2002,2001,99.95004995004994,12,True,0,0.0,9589,0,12,0,0,171,0.6916503496503495,12
timing,oracle | every 3,auction,3,0,2049,362,17.667154709614447,300,False,0,0.0,96599,0,304,132,59,4915,-0.0763299170326989,300
timing,oracle | every 3,auction,4,0,2018,1741,86.27353815659069,132,True,0,0.0,26916,0,151,31,19,1606,0.5159147670961347,132
timing,oracle | every 3,auction,5,0,2016,102,5.059523809523809,276,True,0,0.0,119559,0,309,94,34,4279,-0.1485833333333333,276
timing,oracle | every 3,auction,6,0,2047,1316,64.28920371275036,213,True,0,0.0,50255,0,228,49,13,2594,0.3080244259892525,213
timing,oracle | every 3,auction,7,0,2006,1060,52.84147557328016,224,True,0,0.0,69378,0,280,66,25,2971,0.2205569956796277,224
timing,oracle | every 3,auction,8,3,2026,229,11.303060217176704,270,True,0,0.0,70967,0,346,96,19,4535,-0.100878578479763,270
timing,oracle | every 3,auction,9,0,2046,694,33.919843597262954,243,True,0,0.0,66408,0,253,106,22,3629,0.0754389051808406,243
timing,oracle | every 3,auction,10,0,2052,120,5.847953216374269,300,False,0,0.0,101263,0,283,100,31,4479,-0.1590643274853801,300
timing,oracle | every 3,auction,11,0,2052,1139,55.50682261208577,267,True,0,0.0,55289,0,292,66,31,3701,0.2105477582846003,267
timing,oracle | every 3,auction,12,0,1992,1859,93.32329317269075,111,True,0,0.0,24540,0,132,36,9,1297,0.5792630522088353,111
timing,oracle | every 3,auction,13,0,2006,1562,77.86640079760718,117,True,0,0.0,35560,0,114,21,14,1401,0.4670648055832502,117
timing,oracle | every 3,auction,14,0,2014,1433,71.1519364448858,195,True,0,0.0,37610,0,199,57,13,2404,0.3680635551142006,195
timing,oracle | every 3,auction,15,4,1995,1551,77.74436090225564,174,True,0,0.0,402826,0,543,58,19,2514,0.4282105263157895,174
timing,oracle | every 3,auction,16,0,2051,39,1.901511457825451,210,True,0,0.0,72851,0,280,95,36,2480,-0.1266894197952218,210
timing,oracle | every 3,auction,17,0,2049,257,12.542703757930695,300,False,2,0.0,21253,0,197,87,54,7956,-0.1522010736944851,300
timing,oracle | every 3,auction,18,0,2049,30,1.4641288433382138,270,True,0,0.0,97435,0,346,79,27,4815,-0.1697510980966325,270
timing,oracle | every 3,auction,19,0,2034,1997,98.18092428711898,57,True,0,0.0,4131,0,76,2,0,674,0.6492664700098327,57
timing,independent | every 5,independent,0,0,2061,1020,49.490538573508005,300,False,0,127.16481785373074,4220,0,1349,0,0,1718,0.146433770014556,300
timing,independent | every 5,independent,1,0,1988,362,18.209255533199197,300,False,0,132.3100840431541,3889,0,1209,55,14,1718,-0.0725352112676056,300
timing,independent | every 5,independent,2,0,2002,2001,99.95004995004994,20,True,0,6.480809165771572,247,0,71,0,0,120,0.6863170163170162,20
timing,independent | every 5,independent,3,0,2049,450,21.961932650073205,300,False,0,133.49442523825903,8575,0,1125,33,16,1718,-0.0462664714494875,300
timing,independent | every 5,independent,4,0,2018,1348,66.798810703667,300,False,0,127.16481785373074,4220,0,1349,0,0,1718,0.2675916749256689,300
timing,independent | every 5,independent,5,0,2016,660,32.73809523809524,300,False,0,128.40773404635922,4128,0,1300,15,6,1718,0.0291666666666666,300
timing,independent | every 5,independent,6,0,2047,1164,56.86370297997069,300,False,0,127.16481785373074,4220,0,1349,0,0,1718,0.1980459208597947,300
timing,independent | every 5,independent,7,0,2006,589,29.361914257228317,300,False,0,128.58369671574445,4108,0,1299,22,5,1718,0.0055333998005981,300
timing,independent | every 5,independent,8,0,2026,541,26.702862783810463,300,False,1,128.45418345077078,4100,0,1312,8,6,1718,-0.0330799605133267,300
timing,independent | every 5,independent,9,0,2046,817,39.93157380254154,300,False,0,127.16481785373074,4220,0,1349,0,0,1718,0.0795210166177907,300
timing,independent | every 5,independent,10,0,2052,476,23.19688109161793,300,False,0,134.43124421784577,4030,0,1261,33,15,1718,-0.0376218323586745,300
timing,independent | every 5,independent,11,0,2052,929,45.2729044834308,300,False,0,129.1331157837139,23097,0,1213,0,0,1718,0.1169103313840155,300
timing,independent | every 5,independent,12,0,1992,1519,76.25502008032129,300,False,0,129.11212857549046,4181,0,1321,0,0,1718,0.333785140562249,300
timing,independent | every 5,independent,13,0,2006,1142,56.92921236291127,300,False,0,127.16481785373074,4220,0,1349,0,0,1718,0.1985044865403788,300
timing,independent | every 5,independent,14,0,2014,1309,64.99503475670308,300,False,0,127.8412810321297,4083,0,1264,0,0,1718,0.2549652432969215,300
timing,independent | every 5,independent,15,0,1995,844,42.30576441102757,300,False,0,126.31690289661609,4122,0,1135,55,21,1718,0.0961403508771929,300
timing,independent | every 5,independent,16,0,2051,219,10.67771818625061,300,False,1,128.09606620326826,3506,0,1067,34,7,1718,-0.1452559726962457,300
timing,independent | every 5,independent,17,0,2049,631,30.79551000488043,300,False,0,128.32508553758186,4109,0,1165,38,7,1718,0.0155685700341629,300
timing,independent | every 5,independent,18,0,2049,556,27.13518789653489,300,False,0,130.4098824502785,3913,0,1192,36,14,1718,-0.0100536847242557,300
timing,independent | every 5,independent,19,0,2034,1997,98.18092428711898,105,True,0,39.01679153508344,1497,0,480,0,0,610,0.6172664700098327,105
timing,greedy | every 5,greedy,0,0,2061,1226,59.48568655992237,300,False,0,51.2636,10170,0,352,106,33,3630,0.2163998059194565,300
timing,greedy | every 5,greedy,1,0,1988,908,45.67404426559356,300,False,0,46.8676,10673,0,388,77,26,3495,0.1197183098591548,300
timing,greedy | every 5,greedy,2,0,2002,2001,99.95004995004994,20,True,0,4.300813008130081,479,0,25,0,0,241,0.6863170163170162,20
timing,greedy | every 5,greedy,3,0,2049,997,48.65788189360664,300,False,1,43.5044,50790,0,365,71,48,3470,0.1206051732552464,300
timing,greedy | every 5,greedy,4,0,2018,1558,77.20515361744302,300,False,0,49.7772,8650,0,389,94,22,3558,0.340436075322101,300
timing,greedy | every 5,greedy,5,0,2016,1419,70.38690476190476,300,False,0,49.0412,88568,0,430,85,42,3519,0.2927083333333333,300
timing,greedy | every 5,greedy,6,0,2047,1610,78.65168539325843,300,True,0,52.3672,11212,0,449,60,22,3611,0.350561797752809,300
timing,greedy | every 5,greedy,7,0,2006,1041,51.89431704885344,300,False,0,51.3572,6814,0,363,161,18,3643,0.1632602193419741,300
timing,greedy | every 5,greedy,8,0,2026,1081,53.3563672260612,300,False,0,47.934,15526,0,357,62,13,3507,0.1734945705824284,300
timing,greedy | every 5,greedy,9,0,2046,1225,59.87292277614858,300,False,1,55.3372,15097,0,336,48,10,3226,0.19911045943304,300
timing,greedy | every 5,greedy,10,0,2052,421,20.516569200779728,300,False,0,45.7756,22023,0,335,95,47,3485,-0.0563840155945419,300
timing,greedy | every 5,greedy,11,0,2052,1202,58.57699805068226,300,False,0,47.9688,14317,0,456,61,26,3599,0.2100389863547758,300
timing,greedy | every 5,greedy,12,0,1992,1615,81.07429718875503,300,False,0,66.3648,12369,0,470,77,21,3776,0.3675200803212851,300
timing,greedy | every 5,greedy,13,0,2006,1201,59.870388833499504,300,False,0,59.9604,1212423,0,804,62,14,3865,0.2190927218344964,300
timing,greedy | every 5,greedy,14,0,2014,1311,65.09433962264151,300,False,2,56.9316,20795,0,230,45,6,2913,0.2156603773584905,300
timing,greedy | every 5,greedy,15,0,1995,836,41.90476190476191,300,False,0,53.6564,11242,0,342,122,41,3593,0.0933333333333333,300
timing,greedy | every 5,greedy,16,0,2051,75,3.6567528035104826,300,False,0,53.1392,9968,0,304,152,30,3456,-0.1744027303754266,300
timing,greedy | every 5,greedy,17,0,2049,659,32.16203025866276,300,False,0,44.8892,10182,0,405,97,16,3511,0.0251342118106392,300
timing,greedy | every 5,greedy,18,0,2049,535,26.110297706198143,300,False,0,49.6556,14798,0,387,81,47,3473,-0.017227916056613,300
timing,greedy | every 5,greedy,19,0,2034,1996,98.13176007866274,105,True,0,38.88661267270129,2634,0,174,1,1,1285,0.6169223205506391,105
timing,auction | every 5,auction,0,0,2061,1745,84.6676370693838,195,True,0,69.2512,14825,0,307,46,21,2674,0.4626734594856865,195
timing,auction | every 5,auction,1,0,1988,580,29.175050301810867,300,False,0,42.34,22689,0,330,99,22,4832,0.004225352112676,300
timing,auction | every 5,auction,2,0,2002,2001,99.95004995004994,20,True,0,4.300813008130081,479,0,25,0,0,241,0.6863170163170162,20
timing,auction | every 5,auction,3,0,2049,782,38.16495851634944,300,False,0,49.7312,57567,0,391,104,35,5595,0.067154709614446,300
timing,auction | every 5,auction,4,0,2018,1823,90.33696729435084,165,True,0,74.80008028904055,9438,0,256,36,12,2102,0.5223587710604559,165
timing,auction | every 5,auction,5,0,2016,1557,77.23214285714286,300,False,0,51.7188,18600,0,707,106,23,4584,0.340625,300
timing,auction | every 5,auction,6,0,2047,1565,76.4533463605276,280,True,0,56.8184,51744,0,578,66,25,4052,0.3485067578570264,280
timing,auction | every 5,auction,7,0,2006,1025,51.09670987038884,300,False,0,56.7116,89248,0,525,136,30,4247,0.1576769690927218,300
timing,auction | every 5,auction,8,0,2026,1145,56.51530108588352,300,False,0,53.3256,98343,0,579,68,12,4212,0.1956071076011846,300
timing,auction | every 5,auction,9,5,2046,1150,56.20723362658847,300,False,0,47.1796,1913243,0,1528,67,26,5172,0.1934506353861191,300
timing,auction | every 5,auction,10,0,2052,817,39.81481481481482,300,False,0,55.17246898759504,264505,0,535,108,31,4424,0.0787037037037036,300
timing,auction | every 5,auction,11,0,2052,1211,59.01559454191033,300,False,0,54.7852,31003,0,568,89,25,4512,0.2131091617933723,300
timing,auction | every 5,auction,12,8,1992,1698,85.24096385542168,300,False,0,49.428,29336,0,941,41,10,5257,0.3966867469879517,300
timing,auction | every 5,auction,13,5,2006,1411,70.33898305084746,300,False,0,51.254,860620,0,1467,50,25,5062,0.2923728813559321,300
timing,auction | every 5,auction,14,1,2014,1396,69.31479642502482,300,False,1,50.6812,20726,0,429,90,10,4112,0.2652035749751737,300
timing,auction | every 5,auction,15,0,1995,801,40.15037593984962,300,False,0,48.2008,25067,0,394,116,41,6050,0.0810526315789473,300
timing,auction | every 5,auction,16,5,2051,77,3.754266211604096,300,False,0,54.8544,23378,0,470,132,31,4143,-0.1737201365187713,300
timing,auction | every 5,auction,17,0,2049,932,45.48560273304051,300,False,0,49.51,21560,0,455,127,38,5468,0.1183992191312835,300
timing,auction | every 5,auction,18,0,2049,587,28.648121034651048,300,False,0,53.7672,25003,0,388,94,31,4340,0.0005368472425573,300
timing,auction | every 5,auction,19,0,2034,1996,98.13176007866274,105,True,0,38.88661267270129,2805,0,179,1,1,1315,0.6169223205506391,105
timing,oracle | every 5,auction,0,2,2061,1588,77.04997573993207,300,False,0,0.0,182955,0,376,142,47,4226,0.3393498301795245,300
timing,oracle | every 5,auction,1,0,1988,1351,67.95774647887323,291,True,0,0.0,24839,0,294,140,47,3985,0.2817042253521126,291
timing,oracle | every 5,auction,2,0,2002,2001,99.95004995004994,20,True,0,0.0,12110,0,17,0,0,259,0.6863170163170162,20
timing,oracle | every 5,auction,3,2,2049,1615,78.81893606637384,180,True,0,0.0,65074,0,293,57,24,2503,0.4317325524646168,180
timing,oracle | every 5,auction,4,0,2018,1906,94.44995044598612,116,True,0,0.0,17221,0,92,30,16,1338,0.5838163197885694,116
timing,oracle | every 5,auction,5,0,2016,1801,89.33531746031746,148,True,0,0.0,20195,0,133,61,21,1751,0.5266805555555555,148
timing,oracle | every 5,auction,6,0,2047,1656,80.89887640449439,243,True,0,0.0,37897,0,263,93,33,3158,0.4042921348314605,243
timing,oracle | every 5,auction,7,0,2006,1944,96.90927218344964,78,True,0,0.0,9499,0,58,32,14,903,0.6263649052841475,78
timing,oracle | every 5,auction,8,0,2026,640,31.5893385982231,300,False,0,0.0,51174,0,270,138,39,4628,0.0211253701875616,300
timing,oracle | every 5,auction,9,0,2046,1241,60.65493646138808,300,False,0,0.0,80064,0,300,125,48,4375,0.2245845552297165,300
timing,oracle | every 5,auction,10,0,2052,1083,52.77777777777778,300,False,0,0.0,37077,0,262,178,52,3720,0.1694444444444444,300
timing,oracle | every 5,auction,11,0,2052,1513,73.73294346978558,229,True,0,0.0,54497,0,194,55,17,2669,0.3634639376218323,229
timing,oracle | every 5,auction,12,0,1992,1938,97.28915662650604,73,True,0,0.0,14578,0,69,18,3,878,0.6323574297188755,73
timing,oracle | every 5,auction,13,0,2006,1665,83.00099700897309,180,True,0,0.0,39562,0,250,59,21,2221,0.4610069790628115,180
timing,oracle | every 5,auction,14,0,2014,1863,92.50248262164844,123,True,0,0.0,7189,0,120,56,21,1542,0.5655173783515393,123
timing,oracle | every 5,auction,15,0,1995,1925,96.49122807017544,98,True,0,0.0,6110,0,111,20,8,1195,0.6101052631578947,98
timing,oracle | every 5,auction,16,0,2051,1872,91.27254997562164,122,True,0,0.0,6831,0,144,60,23,1574,0.5575745164960182,122
timing,oracle | every 5,auction,17,0,2049,1959,95.60761346998537,77,True,0,0.0,3182,0,58,36,18,894,0.6179199609565642,77
timing,oracle | every 5,auction,18,0,2049,803,39.18984870668619,300,False,0,0.0,36791,0,232,154,56,5128,0.0743289409468032,300
timing,oracle | every 5,auction,19,0,2034,1997,98.18092428711898,60,True,0,0.0,3874,0,49,8,4,699,0.6472664700098327,60
timing,independent | every 8,independent,0,0,2061,1464,71.0334788937409,300,False,0,127.16481785373074,4220,0,1349,0,0,1718,0.2972343522561862,300
timing,independent | every 8,independent,1,0,1988,899,45.22132796780684,300,False,0,127.23746947954903,4223,0,1347,2,1,1718,0.1165492957746478,300
timing,independent | every 8,independent,2,0,2002,2001,99.95004995004994,32,True,0,12.687630317016088,427,0,131,0,0,192,0.6783170163170162,32
timing,independent | every 8,independent,3,0,2049,998,48.70668618838458,300,False,0,126.60094321830243,8807,0,1216,0,0,1718,0.140946803318692,300
timing,independent | every 8,independent,4,0,2018,1724,85.43111992071358,300,False,0,127.16481785373074,4220,0,1349,0,0,1718,0.3980178394449951,300
timing,independent | every 8,independent,5,0,2016,1073,53.22420634920635,300,False,0,128.17001089149647,4195,0,1341,5,1,1718,0.1725694444444444,300
timing,independent | every 8,independent,6,0,2047,1551,75.76941866145579,300,False,0,127.16481785373074,4220,0,1349,0,0,1718,0.3303859306301904,300
timing,independent | every 8,independent,7,0,2006,1213,60.46859421734796,300,False,0,127.16481785373074,4220,0,1349,0,0,1718,0.2232801595214357,300
timing,independent | every 8,independent,8,0,2026,1103,54.44225074037512,300,False,0,127.16481785373074,4220,0,1349,0,0,1718,0.1810957551826258,300
timing,independent | every 8,independent,9,0,2046,1235,60.36168132942326,300,False,0,127.16481785373074,4220,0,1349,0,0,1718,0.2225317693059628,300
timing,independent | every 8,independent,10,0,2052,913,44.49317738791423,300,False,0,127.16481785373074,4222,0,1350,0,1,1718,0.1114522417153995,300
timing,independent | every 8,independent,11,0,2052,1371,66.81286549707602,300,False,0,129.1331157837139,23097,0,1213,0,0,1718,0.2676900584795321,300
timing,independent | every 8,independent,12,0,1992,1721,86.39558232931726,300,False,0,129.11212857549046,4181,0,1321,0,0,1718,0.4047690763052208,300
timing,independent | every 8,independent,13,0,2006,1385,69.04287138584247,300,False,0,127.16481785373074,4220,0,1349,0,0,1718,0.2833000997008972,300
timing,independent | every 8,independent,14,0,2014,1460,72.49255213505462,300,False,0,127.8412810321297,4083,0,1264,0,0,1718,0.3074478649453823,300
timing,independent | every 8,independent,15,0,1995,1616,81.00250626566417,300,False,0,126.53550222948596,4041,0,1097,46,19,1718,0.3670175438596491,300
timing,independent | every 8,independent,16,0,2051,1029,50.17064846416383,300,False,0,127.57864655603262,3859,0,1069,52,13,1718,0.1511945392491467,300
timing,independent | every 8,independent,17,0,2049,1066,52.02537823328453,300,False,0,128.61802566713618,4122,0,1314,15,7,1718,0.1641776476329916,300
timing,independent | every 8,independent,18,0,2049,965,47.096144460712544,300,False,0,129.751388641146,4145,0,1325,14,5,1718,0.1296730112249877,300
timing,independent | every 8,independent,19,0,2034,1997,98.18092428711898,168,True,0,65.49458746272998,2355,0,750,0,0,968,0.5752664700098328,168
timing,greedy | every 8,greedy,0,0,2061,1944,94.32314410480348,213,True,0,60.5344,9311,0,312,62,11,2605,0.5182620087336244,213
timing,greedy | every 8,greedy,1,0,1988,1756,88.32997987927565,189,True,0,72.9772,4846,0,202,87,28,2139,0.4923098591549295,189
timing,greedy | every 8,greedy,2,0,2002,2001,99.95004995004994,32,True,0,8.78688524590164,600,0,46,0,0,391,0.6783170163170162,32
timing,greedy | every 8,greedy,3,0,2049,1586,77.40361151781357,300,False,0,50.8116,12009,0,348,94,22,3466,0.3418252806246949,300
timing,greedy | every 8,greedy,4,0,2018,1802,89.29633300297324,300,False,0,53.9108,11275,0,518,71,17,3717,0.4250743310208126,300
timing,greedy | every 8,greedy,5,0,2016,1931,95.78373015873017,173,True,0,68.79,9311,0,248,31,6,2122,0.5551527777777778,173
timing,greedy | every 8,greedy,6,0,2047,1695,82.80410356619443,300,False,0,53.5888,7538,0,444,85,25,3602,0.3796287249633609,300
timing,greedy | every 8,greedy,7,0,2006,1958,97.60717846460618,103,True,0,38.38002059732235,2349,0,171,28,6,1287,0.6145835825855765,103
timing,greedy | every 8,greedy,8,0,2026,1639,80.89832181638697,300,False,0,49.85622747296756,9376,0,481,116,23,3655,0.3662882527147087,300
timing,greedy | every 8,greedy,9,0,2046,1543,75.41544477028349,300,False,0,70.9152,83374,0,424,94,21,3486,0.3279081133919843,300
timing,greedy | every 8,greedy,10,0,2052,1265,61.64717348927875,300,False,0,56.6376,8550,0,294,123,37,3484,0.2315302144249512,300
timing,greedy | every 8,greedy,11,0,2052,1614,78.65497076023392,300,False,0,61.4068,8721,0,450,54,30,3532,0.3505847953216374,300
timing,greedy | every 8,greedy,12,0,1992,1934,97.08835341365462,123,True,0,47.77309893704007,5541,0,211,13,6,1517,0.5976184738955823,123
timing,greedy | every 8,greedy,13,0,2006,1796,89.53140578265204,273,True,0,65.1432,5871,0,474,113,17,3442,0.4447198404785642,273
timing,greedy | every 8,greedy,14,0,2014,1953,96.97120158887786,110,True,0,40.55782678859602,3305,0,168,37,11,1417,0.6054650777888115,110
timing,greedy | every 8,greedy,15,0,1995,1737,87.06766917293233,300,False,0,60.4912,19580,0,360,83,28,3606,0.4094736842105262,300
timing,greedy | every 8,greedy,16,0,2051,1998,97.41589468551926,99,True,0,31.01365611421477,3814,0,149,34,13,1234,0.6159112627986347,99
timing,greedy | every 8,greedy,17,0,2049,2026,98.87750122010738,96,True,0,33.064587973273944,1858,0,176,13,5,1277,0.6281425085407515,96
timing,greedy | every 8,greedy,18,0,2049,1805,88.09175207418252,300,False,0,66.1492,6610,0,452,90,19,3609,0.4166422645192776,300
timing,greedy | every 8,greedy,19,0,2034,1998,98.23008849557522,116,True,0,43.70375218150088,6312,0,202,3,1,1467,0.6102772861356931,116
timing,auction | every 8,auction,0,0,2061,1954,94.8083454633673,181,True,0,62.3524,14571,0,327,55,11,2814,0.5429917515769043,181
timing,auction | every 8,auction,1,0,1988,1724,86.72032193158954,296,True,0,43.814,16953,0,541,108,31,3989,0.4097089201877933,296
timing,auction | every 8,auction,2,0,2002,2001,99.95004995004994,32,True,0,8.78688524590164,600,0,46,0,0,391,0.6783170163170162,32
timing,auction | every 8,auction,3,5,2049,1666,81.3079551000488,300,False,0,51.9788,37985,0,833,80,23,4507,0.3691556857003416,300
timing,auction | every 8,auction,4,3,2018,1855,91.9226957383548,300,False,0,47.51,24968,0,657,63,15,4458,0.4434588701684835,300
timing,auction | every 8,auction,5,0,2016,1937,96.0813492063492,111,True,0,43.66714836223507,10667,0,191,31,7,1408,0.5985694444444445,111
timing,auction | every 8,auction,6,5,2047,1671,81.63165608207133,300,False,0,47.4948,78261,0,714,91,34,4755,0.3714215925744992,300
timing,auction | every 8,auction,7,0,2006,1958,97.60717846460618,96,True,0,35.25297297297297,4473,0,199,22,8,1293,0.6192502492522431,96
timing,auction | every 8,auction,8,0,2026,1590,78.47976307996052,300,False,0,60.6792,18775,0,596,114,26,4160,0.3493583415597236,300
timing,auction | every 8,auction,9,0,2046,1318,64.41837732160313,300,False,0,56.7604,53819,0,426,139,21,3865,0.2509286412512218,300
timing,auction | every 8,auction,10,0,2052,1646,80.21442495126706,300,False,0,60.5804,16936,0,495,149,43,4534,0.3615009746588694,300
timing,auction | every 8,auction,11,5,2052,1654,80.60428849902534,300,False,0,51.2108,29552,0,938,60,19,4479,0.3642300194931774,300
timing,auction | every 8,auction,12,0,1992,1934,97.08835341365462,128,True,0,51.81975806451613,15315,0,249,10,7,1697,0.5942851405622489,128
timing,auction | every 8,auction,13,0,2006,1870,93.22033898305084,154,True,0,66.8172,5690,0,282,44,15,1927,0.5498757062146892,154
timing,auction | every 8,auction,14,0,2014,1955,97.07050645481628,117,True,0,44.1282813273898,9474,0,317,33,11,1928,0.601493545183714,117
timing,auction | every 8,auction,15,0,1995,1914,95.93984962406014,159,True,0,55.33156390363413,22188,0,278,30,10,2129,0.565578947368421,159
timing,auction | every 8,auction,16,0,2051,2001,97.56216479765968,86,True,0,29.686502177068213,4040,0,183,32,12,1332,0.6256018202502843,86
timing,auction | every 8,auction,17,0,2049,2026,98.87750122010738,96,True,0,33.064587973273944,2883,0,235,13,5,1613,0.6281425085407515,96
timing,auction | every 8,auction,18,0,2049,1911,93.26500732064422,227,True,0,54.2024,10451,0,408,60,28,3210,0.5015217179111762,227
timing,auction | every 8,auction,19,0,2034,1998,98.23008849557522,116,True,0,43.70375218150088,10680,0,228,3,1,1619,0.6102772861356931,116
timing,oracle | every 8,auction,0,0,2061,2030,98.4958757884522,65,True,0,0.0,8124,0,46,14,12,754,0.6461377971858321,65
timing,oracle | every 8,auction,1,0,1988,1918,96.47887323943662,82,True,0,0.0,9593,0,72,38,13,979,0.6206854460093897,82
timing,oracle | every 8,auction,2,0,2002,2001,99.95004995004994,32,True,0,0.0,14209,0,22,0,0,391,0.6783170163170162,32
timing,oracle | every 8,auction,3,1,2049,1939,94.63152757442656,141,True,0,0.0,15240,0,158,50,21,1746,0.5684206930209859,141
timing,oracle | every 8,auction,4,0,2018,1981,98.16650148662042,102,True,0,0.0,18038,0,87,15,5,1203,0.6191655104063429,102
timing,oracle | every 8,auction,5,0,2016,1961,97.2718253968254,96,True,0,0.0,15159,0,93,24,11,1170,0.6169027777777777,96
timing,oracle | every 8,auction,6,0,2047,1939,94.72398632144602,142,True,0,0.0,21499,0,124,49,24,1764,0.5684012375834554,142
timing,oracle | every 8,auction,7,0,2006,1985,98.9531405782652,52,True,0,0.0,6514,0,39,12,7,619,0.6580053173811898,52
timing,oracle | every 8,auction,8,0,2026,1872,92.39881539980256,130,True,0,0.0,25604,0,139,58,20,1570,0.5601250411319513,130
timing,oracle | every 8,auction,9,0,2046,1928,94.23264907135876,128,True,0,0.0,21240,0,125,38,15,1532,0.5742952101661779,128
timing,oracle | every 8,auction,10,0,2052,2003,97.61208576998052,77,True,0,0.0,7476,0,62,30,13,894,0.6319512670565302,77
timing,oracle | every 8,auction,11,0,2052,1808,88.10916179337232,179,True,0,0.0,83779,0,186,51,22,2381,0.4974307992202728,179
timing,oracle | every 8,auction,12,0,1992,1958,98.29317269076306,74,True,0,0.0,60286,0,103,23,8,896,0.638718875502008,74
timing,oracle | every 8,auction,13,0,2006,1934,96.41076769690928,110,True,0,0.0,24706,0,133,30,7,1312,0.6015420405450315,110
timing,oracle | every 8,auction,14,0,2014,1981,98.36146971201588,61,True,0,0.0,5448,0,50,19,10,722,0.6478636213174446,61
timing,oracle | every 8,auction,15,0,1995,1968,98.64661654135338,74,True,0,0.0,3973,0,86,21,3,906,0.6411929824561403,74
timing,oracle | every 8,auction,16,0,2051,2021,98.5372988785958,55,True,0,0.0,4060,0,48,19,7,692,0.6530944254835039,55
timing,oracle | every 8,auction,17,0,2049,2033,99.21913128355295,38,True,0,0.0,2278,0,36,10,6,484,0.6692005856515373,38
timing,oracle | every 8,auction,18,0,2049,1996,97.41337237676916,77,True,0,0.0,9016,0,58,24,13,894,0.6305602733040507,77
timing,oracle | every 8,auction,19,0,2034,2005,98.57423795476892,71,True,0,0.0,13295,0,93,13,4,868,0.6426863323500491,71
